<?xml version="1.0" encoding="UTF-8"?>
<beans xmlns="http://www.springframework.org/schema/beans"
       xmlns:xsi="http://www.w3.org/2001/XMLSchema-instance"
       xmlns:mvc="http://www.springframework.org/schema/mvc"
       xmlns:context="http://www.springframework.org/schema/context"
       xsi:schemaLocation="http://www.springframework.org/schema/beans
                           http://www.springframework.org/schema/beans/spring-beans-3.0.xsd
                           http://www.springframework.org/schema/mvc
                           http://www.springframework.org/schema/mvc/spring-mvc-3.0.xsd
                           http://www.springframework.org/schema/context
                           http://www.springframework.org/schema/context/spring-context-3.0.xsd">

    <import resource="classpath*:beans-services.xml"/>
    <import resource="classpath*:beans-dao.xml"/>
    <!-- Activates various annotations to be detected in bean classes -->

    <mvc:resources mapping="/resources/**" location="assests"/>

    <!--<mvc:default-servlet-handler />-->

    <mvc:annotation-driven/>

    <context:component-scan base-package="by.it.academy.controller"/>

    <bean id="tilesConfigurer"
          class="org.springframework.web.servlet.view.tiles2.TilesConfigurer">
        <property name="definitions">
            <list>
                <value>/WEB-INF/tiles.xml</value>
            </list>
        </property>
    </bean>

    <bean id="viewResolver"
          class="org.springframework.web.servlet.view.tiles2.TilesViewResolver">
        <property name="viewClass" value="org.springframework.web.servlet.view.tiles2.TilesView"/>
    </bean>

    <bean id="messageSource"
          class="org.springframework.context.support.ReloadableResourceBundleMessageSource">
        <property name="basename" value="classpath:i18n/messages"/>
        <property name="defaultEncoding" value="UTF-8"/>
    </bean>

    <bean id="localeResolver"
          class="org.springframework.web.servlet.i18n.CookieLocaleResolver">
        <property name="defaultLocale" value="en"/>
        <property name="cookieName" value="LocaleCookie"></property>
        <property name="cookieMaxAge" value="3600"></property>
    </bean>

    <mvc:interceptors>
        <bean class="org.springframework.web.servlet.i18n.LocaleChangeInterceptor">
            <property name="paramName" value="locale"/>
        </bean>
    </mvc:interceptors>
</beans>
