<beans:beans xmlns="http://www.springframework.org/schema/security"
             xmlns:beans="http://www.springframework.org/schema/beans"
             xmlns:xsi="http://www.w3.org/2001/XMLSchema-instance"
             xsi:schemaLocation="http://www.springframework.org/schema/beans
	http://www.springframework.org/schema/beans/spring-beans-3.0.xsd
	http://www.springframework.org/schema/security
	http://www.springframework.org/schema/security/spring-security-3.2.xsd">
    <!--Auth form setup-->
    <http auto-config="true" use-expressions="true">
        <intercept-url pattern="/person/**" access="hasRole('APP_ROLE')"/>
        <!--<intercept-url pattern="/login" access="isAnonymous()"/>-->
        <form-login
            login-processing-url="/j_spring_security_check"
            login-page="/index.jsp"
            default-target-url="/person/persons"
            authentication-failure-url="/login?login=e"
            username-parameter="j_username"
            password-parameter="j_password"/>
    </http>
    <!--Authority storage-->
    <authentication-manager>
        <authentication-provider>
            <jdbc-user-service id="userService"
                data-source-ref="dataSource"
                users-by-username-query="select email, password,TRUE from person where email=?"
                authorities-by-username-query="select email,role from person where email=?"/>
        </authentication-provider>
    </authentication-manager>
</beans:beans>

