<?xml version="1.0" encoding="UTF-8"?>
<!DOCTYPE hibernate-mapping PUBLIC "-//Hibernate/Hibernate Configuration DTD 3.0//EN"
        "http://hibernate.sourceforge.net/hibernate-mapping-3.0.dtd">
<hibernate-mapping package="by.academy.it.pojos" auto-import="false" catalog="my_db">
    <class name="Person" table="PERSON">
        <id name="id" type="int" column="F_ID">
            <generator class="increment"/>
        </id>

        <property name="name" column="F_NAME" type="string"/>
        <property name="surname" column="F_SURNAME" type="string"/>
        <property name="age" column="F_AGE" type="int"/>
    </class>
</hibernate-mapping>


