<beans:beans xmlns="http://www.springframework.org/schema/security"
             xmlns:beans="http://www.springframework.org/schema/beans"
             xmlns:xsi="http://www.w3.org/2001/XMLSchema-instance"
             xsi:schemaLocation="http://www.springframework.org/schema/beans
             http://www.springframework.org/schema/beans/spring-beans-4.1.xsd
             http://www.springframework.org/schema/security
             http://www.springframework.org/schema/security/spring-security-4.0.xsd">

    <http auto-config="true">
        <intercept-url pattern="/" access="permitAll"/>
        <intercept-url pattern="/home" access="permitAll"/>
        <intercept-url pattern="/admin**" access="hasRole('ADMIN')"/>
        <intercept-url pattern="/dba**" access="hasRole('ADMIN') and hasRole('DBA')"/>
        <form-login login-page="/login"
                    username-parameter="userName"
                    password-parameter="password"
                    authentication-failure-url="/access_denied"/>
        <csrf/>
    </http>

    <authentication-manager>
        <authentication-provider user-service-ref="authService"/>
    </authentication-manager>

    <beans:bean id="authService" class="by.it.auth.AuthenticationService"/>

</beans:beans>

