<?xml version="1.0" encoding="UTF-8" ?>
<!DOCTYPE tiles-definitions PUBLIC
        "-//Apache Software Foundation//DTD Tiles Configuration 2.0//EN"
        "http://tiles.apache.org/dtds/tiles-config_2_0.dtd">
<tiles-definitions>
    <definition name="default" template="/WEB-INF/view/layouts/default.jspx">
        <put-attribute name="title" value=""/>
        <put-attribute name="header" value="/WEB-INF/view/common/header.jspx"/>
        <put-attribute name="body" value=""/>
        <put-attribute name="footer" value="/WEB-INF/view/common/footer.jspx"/>
    </definition>

    <definition name="welcome" extends="default">
        <put-attribute name="title" value="Welcome user"/>
        <put-attribute name="body" value="/WEB-INF/view/welcome/login.jspx"/>
    </definition>

    <definition name="user/main" extends="default">
        <put-attribute name="title" value="Main page"/>
        <put-attribute name="body" value="/WEB-INF/view/user/main.jspx"/>
    </definition>

    <definition name="persons/main" extends="default">
        <put-attribute name="title" value="Persons Info"/>
        <put-attribute name="body" value="/WEB-INF/view/person/main.jspx"/>
    </definition>

    <definition name="login" extends="default">
        <put-attribute name="title" value="Login page"/>
    </definition>

    <definition name="products/main" extends="default">
        <put-attribute name="title" value="Products"/>
        <put-attribute name="body" value="/WEB-INF/view/product/main.jspx"/>
    </definition>
</tiles-definitions>

