<?xml version="1.0" encoding="UTF-8"?>
<beans xmlns="http://www.springframework.org/schema/beans"
       xmlns:xsi="http://www.w3.org/2001/XMLSchema-instance"
       xmlns:context="http://www.springframework.org/schema/context"
       xmlns:aop="http://www.springframework.org/schema/aop"
       xsi:schemaLocation="http://www.springframework.org/schema/beans
        http://www.springframework.org/schema/beans/spring-beans-3.0.xsd
        http://www.springframework.org/schema/context
        http://www.springframework.org/schema/context/spring-context-3.0.xsd
        http://www.springframework.org/schema/aop
        http://www.springframework.org/schema/aop/spring-aop.xsd">

    <context:component-scan base-package="by.it.academy.dao"/>

    <aop:aspectj-autoproxy/>

    <!--Translate exceptions to Spring-exceptions -->
    <bean class="org.springframework.dao.annotation.PersistenceExceptionTranslationPostProcessor"/>

    <bean id="dataSource" class="org.apache.commons.dbcp.BasicDataSource">
        <property name="url" value="jdbc:mysql://localhost:3306/mvc_person"/>
        <property name="driverClassName" value="com.mysql.jdbc.Driver"/>
        <property name="username" value="root"/>
        <property name="password" value="yuli"/>
        <property name="initialSize" value="5"/>
        <property name="maxActive" value="10"/>
    </bean>

    <bean id="sessionFactory"
          class="org.springframework.orm.hibernate4.LocalSessionFactoryBean">
        <property name="dataSource" ref="dataSource"/>
        <property name="packagesToScan">
            <list>
                <value>by.it.academy.pojos</value>
            </list>
        </property>

        <property name="hibernateProperties">
            <props>
                <prop key="hibernate.show_sql">true</prop>
                <prop key="debug">true</prop>
                <prop key="hibernate.dialect">org.hibernate.dialect.MySQLDialect</prop>
                <prop key="connection.isolation">2</prop>
                <prop key="hibernate.cglib.use_reflection_optimizer">true</prop>
                <prop key="hibernate.hbm2ddl.auto">validate</prop>
            </props>
        </property>
    </bean>
</beans>