<?xml version="1.0" encoding="UTF-8"?>
<beans xmlns="http://www.springframework.org/schema/beans"
       xmlns:xsi="http://www.w3.org/2001/XMLSchema-instance"
       xmlns:context="http://www.springframework.org/schema/context"
       xmlns:tx="http://www.springframework.org/schema/tx" xmlns:aop="http://www.springframework.org/schema/aop"
       xsi:schemaLocation="http://www.springframework.org/schema/beans
http://www.springframework.org/schema/beans/spring-beans-3.0.xsd
http://www.springframework.org/schema/context
http://www.springframework.org/schema/context/spring-context-3.0.xsd
http://www.springframework.org/schema/tx http://www.springframework.org/schema/tx/spring-tx-3.0.xsd 
http://www.springframework.org/schema/aop http://www.springframework.org/schema/aop/spring-aop.xsd">

    <aop:aspectj-autoproxy/>

    <import resource="classpath*:beans-dao.xml"/>

    <context:component-scan base-package="by.it.services"/>

    <bean id="txManager" class="org.springframework.orm.hibernate4.HibernateTransactionManager">
        <property name="sessionFactory" ref="sessionFactory"/>
        <!--<property name="dataSource" ref="dataSource"/>-->
    </bean>

    <tx:annotation-driven transaction-manager="txManager"/>

</beans>

